{
    "content_scripts": [
        "tock.min.js", 
        "content.js"
    ], 
    "description": "Concert. Party with a hashtag!s",
    "creator": "Concert", 
    "framework_version": "1.7.3 36447b11bac0", 
    "background_scripts": [
        "tock.min.js", 
        "main.js"
    ], 
    "homepage_url": "http://youtubeconcert.com/",
    "version": "0.9.0", 
    "framework_package_id": "dev", 
    "browser_button": {
        "caption": "Concert", 
        "tooltipText": "Concert", 
        "icon": "icons/button.png"
    }, 
    "id": "gbopepfdcaaccigflmmbddchgcjcinbe",
    "name": "Concert"
}